{"homebrew_version":"1.1.13-150-g0c9047a2b","used_options":[],"unused_options":["--with-doxygen"],"built_as_bottle":true,"poured_from_bottle":true,"installed_as_dependency":false,"installed_on_request":true,"changed_files":["INSTALL_RECEIPT.json","lib/pkgconfig/glm.pc"],"time":1499161681,"source_modified_time":1485087148,"HEAD":null,"stdlib":null,"compiler":"clang","runtime_dependencies":[],"source":{"path":"/usr/local/Homebrew/Library/Taps/homebrew/homebrew-core/Formula/glm.rb","tap":"homebrew/core","spec":"stable","versions":{"stable":"0.9.8.4","devel":null,"head":"HEAD","version_scheme":0}}}